{"Parsing Warnings": {"importance_mean": 0.05849999999999994, "importance_std": 0.003354101966249688}, "OPTIONAL_HEADER.Subsystem.Value": {"importance_mean": 0.037199999999999935, "importance_std": 0.004599999999999987}, "OPTIONAL_HEADER.ImageBase.Value": {"importance_mean": 0.025900000000000024, "importance_std": 0.004614108798023735}, "OPTIONAL_HEADER.CheckSum.Value": {"importance_mean": 0.02190000000000002, "importance_std": 0.003238826948140332}, "OPTIONAL_HEADER.MajorLinkerVersion.Value": {"importance_mean": 0.015600000000000013, "importance_std": 0.0039038442591886303}, "entropy": {"importance_mean": 0.01210000000000001, "importance_std": 0.0029137604568666956}, "OPTIONAL_HEADER.AddressOfEntryPoint.Value": {"importance_mean": 0.009400000000000009, "importance_std": 0.0031685959035509747}, "DOS_HEADER.e_lfanew.Value": {"importance_mean": 0.008700000000000008, "importance_std": 0.0021931712199461328}, "OPTIONAL_HEADER.MajorOperatingSystemVersion.Value": {"importance_mean": 0.006900000000000006, "importance_std": 0.0025865034312755144}, "OPTIONAL_HEADER.FileAlignment.Value": {"importance_mean": 0.0050000000000000044, "importance_std": 0.0016733200530681526}, "OPTIONAL_HEADER.DllCharacteristics.Value": {"importance_mean": 0.0040000000000000036, "importance_std": 0.0018973665961010294}, "OPTIONAL_HEADER.BaseOfData.Value": {"importance_mean": 0.003500000000000003, "importance_std": 0.0023769728648009446}, "OPTIONAL_HEADER.SizeOfImage.Value": {"importance_mean": 0.0032000000000000028, "importance_std": 0.002088061301782112}, "OPTIONAL_HEADER.SectionAlignment.Value": {"importance_mean": 0.0029000000000000024, "importance_std": 0.0019209372712298564}, "OPTIONAL_HEADER.SizeOfInitializedData.Value": {"importance_mean": 0.0020000000000000018, "importance_std": 0.0017320508075688787}, "FILE_HEADER.NumberOfSections.Value": {"importance_mean": 0.001200000000000001, "importance_std": 0.0016000000000000014}, "OPTIONAL_HEADER.MinorSubsystemVersion.Value": {"importance_mean": 0.001100000000000001, "importance_std": 0.0007000000000000005}, "OPTIONAL_HEADER.SizeOfCode.Value": {"importance_mean": 0.0009000000000000008, "importance_std": 0.0028442925306655805}, "OPTIONAL_HEADER.SizeOfStackCommit.Value": {"importance_mean": 0.0009000000000000008, "importance_std": 0.0013747727084867532}, "FILE_HEADER.Characteristics.Value": {"importance_mean": 0.0007000000000000006, "importance_std": 0.0010049875621120899}, "DOS_HEADER.e_minalloc.Value": {"importance_mean": 0.0005000000000000004, "importance_std": 0.0006708203932499375}, "FILE_HEADER.Machine.Value": {"importance_mean": 0.00040000000000000034, "importance_std": 0.001356465996625055}, "OPTIONAL_HEADER.SizeOfHeaders.Value": {"importance_mean": 0.00030000000000000024, "importance_std": 0.0004582575694955844}, "DOS_HEADER.e_ip.Value": {"importance_mean": 0.00010000000000000009, "importance_std": 0.0003000000000000003}, "OPTIONAL_HEADER.SizeOfHeapReserve.Value": {"importance_mean": 0.00010000000000000009, "importance_std": 0.0003000000000000003}, "OPTIONAL_HEADER.MajorImageVersion.Value": {"importance_mean": 0.0, "importance_std": 0.0010000000000000009}, "OPTIONAL_HEADER.MinorLinkerVersion.Value": {"importance_mean": 0.0, "importance_std": 0.0006324555320336764}, "OPTIONAL_HEADER.MinorImageVersion.Value": {"importance_mean": 0.0, "importance_std": 0.00044721359549995833}, "DOS_HEADER.e_cp.Value": {"importance_mean": 0.0, "importance_std": 0.0}, "DOS_HEADER.e_cparhdr.Value": {"importance_mean": 0.0, "importance_std": 0.0}, "DOS_HEADER.e_crlc.Value": {"importance_mean": 0.0, "importance_std": 0.0}, "DOS_HEADER.e_cs.Value": {"importance_mean": 0.0, "importance_std": 0.0}, "DOS_HEADER.e_csum.Value": {"importance_mean": 0.0, "importance_std": 0.0}, "DOS_HEADER.e_lfarlc.Value": {"importance_mean": 0.0, "importance_std": 0.0}, "DOS_HEADER.e_magic.Value": {"importance_mean": 0.0, "importance_std": 0.0}, "DOS_HEADER.e_maxalloc.Value": {"importance_mean": 0.0, "importance_std": 0.0}, "DOS_HEADER.e_oemid.Value": {"importance_mean": 0.0, "importance_std": 0.0}, "DOS_HEADER.e_oeminfo.Value": {"importance_mean": 0.0, "importance_std": 0.0}, "DOS_HEADER.e_ovno.Value": {"importance_mean": 0.0, "importance_std": 0.0}, "DOS_HEADER.e_sp.Value": {"importance_mean": 0.0, "importance_std": 0.0}, "DOS_HEADER.e_ss.Value": {"importance_mean": 0.0, "importance_std": 0.0}, "FILE_HEADER.NumberOfSymbols.Value": {"importance_mean": 0.0, "importance_std": 0.0}, "FILE_HEADER.PointerToSymbolTable.Value": {"importance_mean": 0.0, "importance_std": 0.0}, "FILE_HEADER.SizeOfOptionalHeader.Value": {"importance_mean": 0.0, "importance_std": 0.0}, "NT_HEADERS.Signature.Value": {"importance_mean": 0.0, "importance_std": 0.0}, "OPTIONAL_HEADER.BaseOfCode.Value": {"importance_mean": 0.0, "importance_std": 0.0}, "OPTIONAL_HEADER.LoaderFlags.Value": {"importance_mean": 0.0, "importance_std": 0.0}, "OPTIONAL_HEADER.Magic.Value": {"importance_mean": 0.0, "importance_std": 0.0}, "OPTIONAL_HEADER.NumberOfRvaAndSizes.Value": {"importance_mean": 0.0, "importance_std": 0.0}, "OPTIONAL_HEADER.Reserved1.Value": {"importance_mean": 0.0, "importance_std": 0.0}, "OPTIONAL_HEADER.SizeOfHeapCommit.Value": {"importance_mean": 0.0, "importance_std": 0.0}, "OPTIONAL_HEADER.SizeOfUninitializedData.Value": {"importance_mean": 0.0, "importance_std": 0.0}, "OPTIONAL_HEADER.SizeOfStackReserve.Value": {"importance_mean": -0.00020000000000000017, "importance_std": 0.0006000000000000005}, "DOS_HEADER.e_cblp.Value": {"importance_mean": -0.00020000000000000017, "importance_std": 0.0004000000000000003}, "OPTIONAL_HEADER.MajorSubsystemVersion.Value": {"importance_mean": -0.00030000000000000024, "importance_std": 0.0010049875621120899}, "OPTIONAL_HEADER.MinorOperatingSystemVersion.Value": {"importance_mean": -0.00030000000000000024, "importance_std": 0.0007810249675906662}}